INSERT INTO profile (email, password, size_shirt, size_pants, size_dress) VALUES
  ('MirelleMarthena@outlook.com', 'password', 'xl', 'xl','0'),
  ('HerminiaQueston@gmail.com', 'password', 'xs', 's','4'),
  ('PeriWinfred@yahoo.com', 'password', 's', 'xl','10'),
  ('LorySSirotek@iCloud.com', 'password', 'xs', 's','0'),
  ('BrennaBSteere@yahoo.com', 'password', 'l', 'l',null),
  ('GustiVBrook@outlook.com', 'password', 'xl', 'xl','10'),
  ('VernaFBailar@aol.com', 'password', 'xs', 'xl','8'),
  ('KerstinLGarett@outlook.com', 'password', 'xs', 'xs',null),
  ('CindelynTamaru@gmail.com', 'password', 'l', 'l','2'),
  ('EvelineMeakem@gmail.com', 'password', 's', 'l',null),
  ('IdaliaGMariette@aol.com', 'password', 'xl', 's','14'),
  ('WilmaRhonda@yahoo.com', 'password', 'm', 'xl',null),
  ('PattyCHelfant@iCloud.com', 'password', 's', 'm',null),
  ('DomenigaPharaoh@gmail.com', 'password', 'xs', 'l',null),
  ('KymDJorgenson@iCloud.com', 'password', 'xl', 's',null),
  ('IvieSomerville@aol.com', 'password', 's', 'xl','14'),
  ('AngelaHunsinger@aol.com', 'password', 'xl', 'xl',null),
  ('MerlaOmor@yahoo.com', 'password', 'm', 'xl',null),
  ('TiphanyNMuldon@iCloud.com', 'password', 's', 'l','0'),
  ('FloridaEMicah@gmail.com', 'password', 'xl', 'xs','10'),
  ('WenonahCHynes@aol.com', 'password', 's', 'm','6'),
  ('JorrieRTheone@iCloud.com', 'password', 'l', 'l',null),
  ('EmmiLeontina@iCloud.com', 'password', 'l', 's','0'),
  ('RandeeVolnay@outlook.com', 'password', 'xl', 's',null),
  ('WalliwAmbrose@iCloud.com', 'password', 'xl', 'xl','2'),
  ('EmeliaHook@yahoo.com', 'password', 'xs', 's','4'),
  ('AnitaMKirschner@outlook.com', 'password', 'xl', 'l','10'),
  ('MirelleReedy@aol.com', 'password', 's', 'l',null),
  ('KimmieErmeena@aol.com', 'password', 'l', 's',null),
  ('PhebeJarita@yahoo.com', 'password', 's', 'm','10'),
  ('KyleFIoyal@aol.com', 'password', 'l', 'l',null),
  ('TraceyEtem@iCloud.com', 'password', 'm', 'm',null),
  ('TovaAMelburn@outlook.com', 'password', 'xs', 'xs','2'),
  ('FiliaPEnrika@yahoo.com', 'password', 's', 'xs',null),
  ('ZoeERess@outlook.com', 'password', 's', 'm',null),
  ('TiffanieHClara@aol.com', 'password', 'xs', 'xl',null),
  ('XavieraDDiet@gmail.com', 'password', 'l', 's',null),
  ('LexyJColeman@aol.com', 'password', 'xl', 'xl','10'),
  ('CarolinEGar@outlook.com', 'password', 'xs', 'l','14'),
  ('NicoleImojean@yahoo.com', 'password', 's', 's',null),
  ('JaymeWEarley@aol.com', 'password', 'm', 'm','6'),
  ('StaciaCWayland@iCloud.com', 'password', 's', 'xl',null),
  ('MarciGCalise@aol.com', 'password', 'xl', 'xl',null),
  ('EvaleenChappie@aol.com', 'password', 'm', 'm',null),
  ('HoratiaDWulf@iCloud.com', 'password', 'xl', 'xl',null),
  ('AudryeSchuman@yahoo.com', 'password', 'xl', 'l','8'),
  ('CatharinaChantalle@gmail.com', 'password', 'l', 'xl',null),
  ('DeidrePantin@gmail.com', 'password', 'l', 'm','0'),
  ('TallulahARhiamon@iCloud.com', 'password', 'xs', 's','10'),
  ('ChristianaBalbinder@gmail.com', 'password', 'l', 'm','0'),
  ('ChloetteGone@outlook.com', 'password', 'm', 'l',null),
  ('MireielleLRempe@aol.com', 'password', 'xl', 'm',null),
  ('JenniHFries@aol.com', 'password', 's', 'xl',null),
  ('ChristinaKGoodspeed@iCloud.com', 'password', 'l', 's','14'),
  ('MelbaGaulin@yahoo.com', 'password', 'xs', 'xs',null),
  ('JolyMunster@gmail.com', 'password', 'm', 'm','14'),
  ('AureliaColan@outlook.com', 'password', 'm', 'xl',null),
  ('JacquiOTuck@gmail.com', 'password', 'm', 'l','2'),
  ('AnatolaPorcia@outlook.com', 'password', 'xs', 'm',null),
  ('CarittaBrothers@yahoo.com', 'password', 'l', 'xl','2'),
  ('ZariaRanitta@aol.com', 'password', 'xs', 'l','0'),
  ('SybilaMagdau@outlook.com', 'password', 's', 'm',null),
  ('LisettaGrefe@outlook.com', 'password', 'xl', 'm','10'),
  ('NestaFHenni@gmail.com', 'password', 's', 'xl','8'),
  ('AlikeeWDelora@yahoo.com', 'password', 's', 'xl',null),
  ('JackquelineKSpencer@outlook.com', 'password', 'm', 'xl',null),
  ('BlancaGVernon@iCloud.com', 'password', 'l', 's',null),
  ('MellyLepp@gmail.com', 'password', 's', 'xs','6'),
  ('AdeliceLLilllie@iCloud.com', 'password', 'm', 's','6'),
  ('AnaPadraic@iCloud.com', 'password', 'l', 'xl',null),
  ('EmmaGBotti@aol.com', 'password', 'm', 'l','6'),
  ('PageLOthella@yahoo.com', 'password', 's', 'xl',null),
  ('HolliCoffin@yahoo.com', 'password', 'm', 'm',null),
  ('DyanBittner@aol.com', 'password', 'l', 'm',null),
  ('GwennyEHaugen@iCloud.com', 'password', 's', 'xl',null),
  ('CatharinaStevie@gmail.com', 'password', 'm', 's','4'),
  ('DorrisARichards@outlook.com', 'password', 'xs', 'm','14'),
  ('BeaHEdana@aol.com', 'password', 'xs', 'xs',null),
  ('SibbieStout@aol.com', 'password', 'xs', 'xs','10'),
  ('AilaWGoss@yahoo.com', 'password', 'm', 'xl','2'),
  ('DebraMJareb@aol.com', 'password', 's', 'm',null),
  ('TressaIBraswell@aol.com', 'password', 'xs', 'xl','2'),
  ('LucretiaRDygal@yahoo.com', 'password', 's', 'l',null),
  ('RosyEthe@outlook.com', 'password', 's', 'm','6'),
  ('RozalieHLambertson@aol.com', 'password', 'xl', 's',null),
  ('AnjelaFrisse@iCloud.com', 'password', 'm', 'm',null),
  ('JasminaNickey@gmail.com', 'password', 'm', 's',null),
  ('KaliHOcko@aol.com', 'password', 'xl', 'l','8'),
  ('CelestiaEAlonso@gmail.com', 'password', 'xs', 'l','6'),
  ('DottieOAmador@outlook.com', 'password', 's', 'l','14'),
  ('JoelleBenjamen@gmail.com', 'password', 'l', 'm',null),
  ('NorrieMGrannie@gmail.com', 'password', 'm', 's','14'),
  ('KitFaulkner@gmail.com', 'password', 'm', 'xl',null),
  ('TildaSBarry@aol.com', 'password', 'm', 'l','14'),
  ('RodiGabriela@gmail.com', 'password', 's', 'l',null),
  ('DitaBobbye@iCloud.com', 'password', 'xl', 'm',null),
  ('ModestiaMcDougall@gmail.com', 'password', 'l', 'l','4'),
  ('FlossiBowers@yahoo.com', 'password', 'l', 's',null),
  ('JustineTAdrea@iCloud.com', 'password', 'm', 's',null),
  ('IbbieTLiberati@yahoo.com', 'password', 'xl', 's','0'),
  ('PippaBVerdie@aol.com', 'password', 'l', 'xl',null),
  ('EliciaCMariel@yahoo.com', 'password', 'xs', 'xl','4'),
  ('JolynKunz@iCloud.com', 'password', 'l', 's','10'),
  ('NattyBPasadis@iCloud.com', 'password', 'l', 'xs',null),
  ('AngelinaKial@outlook.com', 'password', 'xl', 'l',null),
  ('TerrijoQuickman@gmail.com', 'password', 'm', 'm',null),
  ('EveleenBelmonte@aol.com', 'password', 'xl', 'm','6'),
  ('TeresaVeal@aol.com', 'password', 'l', 'm',null),
  ('JinnyRHoran@gmail.com', 'password', 'xs', 'xl','10'),
  ('GlyndaRGauldin@yahoo.com', 'password', 'l', 'xl',null),
  ('SalomaHDesimone@yahoo.com', 'password', 'm', 'm','10'),
  ('FanniOMariska@yahoo.com', 'password', 'xs', 's',null),
  ('CoreenBPattie@gmail.com', 'password', 'xl', 'xl','12'),
  ('KarylIRind@gmail.com', 'password', 'xs', 'm',null),
  ('RoselinISonny@yahoo.com', 'password', 'm', 's',null),
  ('MirelleEolanda@gmail.com', 'password', 'xl', 'l','14'),
  ('ClaireTeferi@outlook.com', 'password', 's', 'xs','2'),
  ('CelestineCorotto@outlook.com', 'password', 'l', 'l',null),
  ('FerneArdella@gmail.com', 'password', 'xl', 'l','14'),
  ('SuzanneMerta@yahoo.com', 'password', 'xs', 's',null),
  ('JackiWSerrell@outlook.com', 'password', 'xs', 'm',null),
  ('LarissaPTunnell@aol.com', 'password', 'xs', 'm','6'),
  ('AbbeyBogey@gmail.com', 'password', 's', 'l','14'),
  ('GnniABert@gmail.com', 'password', 'l', 'l','2'),
  ('LeontineAgripina@outlook.com', 'password', 's', 'xl','10'),
  ('CherianneOTella@outlook.com', 'password', 'l', 'xs','4'),
  ('CharylMatias@yahoo.com', 'password', 'm', 'l',null),
  ('CarlyAtthia@iCloud.com', 'password', 'm', 'xs',null),
  ('HelsaCampbell@yahoo.com', 'password', 'xs', 'xs',null),
  ('AmandyBSchweiker@gmail.com', 'password', 's', 'm',null),
  ('KarilFavien@iCloud.com', 'password', 's', 'xs','2'),
  ('SusanettaEolande@outlook.com', 'password', 'l', 'l',null),
  ('BertyYPell@aol.com', 'password', 'l', 'xs','10'),
  ('KizzeeKraft@gmail.com', 'password', 'm', 'xs',null),
  ('LucineAhouh@yahoo.com', 'password', 's', 'm','4'),
  ('NadyTHasseman@aol.com', 'password', 'xl', 's','14'),
  ('ElseyFederico@yahoo.com', 'password', 's', 's','12'),
  ('CassaundraSPolard@iCloud.com', 'password', 'xl', 'l',null),
  ('AnnabelleKElyssa@yahoo.com', 'password', 'xs', 'xs','2'),
  ('JaneenEphraim@gmail.com', 'password', 'l', 'xl',null),
  ('VikiEgan@gmail.com', 'password', 's', 's',null),
  ('NoveliaSPalila@gmail.com', 'password', 'xs', 'm','8'),
  ('CamilaCPleasant@iCloud.com', 'password', 'xs', 'xl','14'),
  ('FloraCharpentier@outlook.com', 'password', 'xl', 'xs',null),
  ('JemmieSIsleana@yahoo.com', 'password', 'm', 'm','4'),
  ('TressaEdmunda@outlook.com', 'password', 's', 'xl',null),
  ('DarynShenan@aol.com', 'password', 'm', 'l','0'),
  ('RozeleXMcIntyre@iCloud.com', 'password', 'xs', 'xs','6'),
  ('JennineCinelli@outlook.com', 'password', 'xs', 'xs','2'),
  ('MelittaAMoskow@aol.com', 'password', 'm', 'm','8'),
  ('TishVAurora@gmail.com', 'password', 'm', 'xs',null),
  ('JillanaBBerlinda@yahoo.com', 'password', 'xl', 's',null),
  ('AdelindO''Malley@outlook.com', 'password', 's', 's','2'),
  ('JaquelinJaret@aol.com', 'password', 'xl', 'l',null),
  ('NonaPhemia@aol.com', 'password', 'l', 'xs',null),
  ('BeckyEIsle@outlook.com', 'password', 's', 'm','4'),
  ('KymESchenck@outlook.com', 'password', 's', 's',null),
  ('EdivaSherrill@yahoo.com', 'password', 's', 'xs','8'),
  ('GertiMurdock@gmail.com', 'password', 'xs', 'l','4'),
  ('MarrileePGemina@outlook.com', 'password', 'l', 'xl',null),
  ('AlbinaABrunhild@outlook.com', 'password', 's', 's',null),
  ('CelinkaRSiegel@outlook.com', 'password', 'l', 'l',null),
  ('IdellePrimo@aol.com', 'password', 'm', 'l',null),
  ('OlympeMarylin@outlook.com', 'password', 's', 'xs','10'),
  ('KerstinOWayland@outlook.com', 'password', 's', 'xs','10'),
  ('LeoraGerrard@aol.com', 'password', 'l', 'l',null),
  ('DelcinaJammin@iCloud.com', 'password', 'xs', 'xl',null),
  ('GermaineQLukash@gmail.com', 'password', 's', 'xl',null),
  ('IrinaZima@gmail.com', 'password', 's', 's',null),
  ('IngabergRizzo@outlook.com', 'password', 'xl', 'm',null),
  ('JanettaBSaimon@outlook.com', 'password', 's', 's','2'),
  ('MarielMLiu@aol.com', 'password', 'l', 'xl',null),
  ('OllyMWitty@iCloud.com', 'password', 'xl', 'xl','14'),
  ('BibbieAbbottson@iCloud.com', 'password', 'xs', 'l','2'),
  ('KellieAJanessa@aol.com', 'password', 'l', 'l',null),
  ('AimilBevash@yahoo.com', 'password', 'm', 'l','2'),
  ('GillyClary@gmail.com', 'password', 'xl', 'xs',null),
  ('KellenHardej@aol.com', 'password', 'm', 'm','4'),
  ('LethiaOCelestine@gmail.com', 'password', 'xl', 'xl',null),
  ('LynnelleLHuggins@iCloud.com', 'password', 's', 'xs',null),
  ('SheenaCPrussian@outlook.com', 'password', 's', 'xl','6'),
  ('MarielEberle@outlook.com', 'password', 'xs', 's','0'),
  ('KirstynBReich@iCloud.com', 'password', 's', 's',null),
  ('KarineNedra@gmail.com', 'password', 'l', 'xs',null),
  ('RodinaDToddy@iCloud.com', 'password', 'l', 'm','2'),
  ('RodiArianna@aol.com', 'password', 'l', 's',null),
  ('SheelaThamos@gmail.com', 'password', 'l', 'm',null),
  ('GenevieveRonel@yahoo.com', 'password', 's', 'l',null),
  ('NealaSPurdy@gmail.com', 'password', 'xs', 'xs','6'),
  ('AllaImogene@iCloud.com', 'password', 'xs', 'xl','8'),
  ('CristyICychosz@iCloud.com', 'password', 'l', 'l',null),
  ('AmelieAOrji@outlook.com', 'password', 'm', 'l',null),
  ('ElaneEKatinka@gmail.com', 'password', 'xl', 'xs','4'),
  ('AnissaChantal@iCloud.com', 'password', 'm', 'xl','10'),
  ('KelsyLRosette@gmail.com', 'password', 'm', 'm','8'),
  ('SharonRMinier@iCloud.com', 'password', 'xs', 'm','0'),
  ('JacquelinGonzalez@aol.com', 'password', 'l', 'xl',null),
  ('KalieGFugate@gmail.com', 'password', 'xs', 's','10'),
  ('VivieneCZaremski@yahoo.com', 'password', 'm', 'l',null),
  ('BertiLambrecht@aol.com', 'password', 'xs', 's','10');

INSERT INTO public.clothing_type (type_id, name, category, price, description) VALUES (285499569, 'Padded', 'Jacket', 83.00, 'A an ice cold padded jacket that''s surprisingly warm');
INSERT INTO public.clothing_type (type_id, name, category, price, description) VALUES (720211709, 'Solid', 'Sweatpants', 49.99, 'The GroutFit staple. For hitting the gym or the entire pint of ice cream.');
INSERT INTO public.clothing_type (type_id, name, category, price, description) VALUES (395557109, 'Graphic', 'Sweatshirt', 93.00, 'Our classic Sweatshirt with custom made graphics that cycle every month.');
INSERT INTO public.clothing_type (type_id, name, category, price, description) VALUES (660115502, 'Pin - Striped', 'Pants', 58.00, 'Are you talkin to me? Are YOU talkin to ME?');
INSERT INTO public.clothing_type (type_id, name, category, price, description) VALUES (709054560, 'Woven', 'Jacket', 97.00, 'A lightweight woven cotton jacket. Breathes in Spring, insulates in Fall.');
INSERT INTO public.clothing_type (type_id, name, category, price, description) VALUES (674932943, 'Two - Tone', 'Jeans', 39.99, 'Sturdy jeans, twice the fun');
INSERT INTO public.clothing_type (type_id, name, category, price, description) VALUES (240698130, 'Denim', 'Skirt', 55.00, 'Punk rock never went out of style. Not included: studs');
INSERT INTO public.clothing_type (type_id, name, category, price, description) VALUES (250879861, 'Block', 'T - Shirt', 74.99, 'A great basic t-shirt for keeping things interesting without overwhelming the outfit.');
INSERT INTO public.clothing_type (type_id, name, category, price, description) VALUES (849825435, 'Dyed', 'Jeans', 63.99, 'Dyed jeans in many shades! Grey, gray, white, and black.');
INSERT INTO public.clothing_type (type_id, name, category, price, description) VALUES (430627026, 'Casual', 'Shirt', 91.95, 'Our staple non-tucked button down. Perfect for a night out.');
INSERT INTO public.clothing_type (type_id, name, category, price, description) VALUES (720120373, 'Side - Striped', 'Sweatpants', 93.00, 'All day I dream about sweatpants.');
INSERT INTO public.clothing_type (type_id, name, category, price, description) VALUES (836673326, 'Solid', 'Pants', 73.99, 'An elegant classic, for a more formal time.');
INSERT INTO public.clothing_type (type_id, name, category, price, description) VALUES (468276714, 'Lattice', 'Dress', 49.95, 'A perfect, lightweight, spring dress that wears nicely with bright accents.');
INSERT INTO public.clothing_type (type_id, name, category, price, description) VALUES (140226300, 'Distressed', 'T - Shirt', 49.00, 'To make all your older relatives ask "Did you buy it like that?"');
INSERT INTO public.clothing_type (type_id, name, category, price, description) VALUES (859609403, 'Solid', 'Sweatshirt', 83.95, 'Our basic hoodie in all shades of gray.');
INSERT INTO public.clothing_type (type_id, name, category, price, description) VALUES (457136344, 'Solid', 'T - Shirt', 22.95, 'Our basic t-shirt in all shades of gray.');
INSERT INTO public.clothing_type (type_id, name, category, price, description) VALUES (374581910, 'Solid', 'Dress', 48.00, 'Our basic dress in all shades of gray.');
INSERT INTO public.clothing_type (type_id, name, category, price, description) VALUES (998342202, 'Striped', 'Shirt', 43.99, 'Shake up your formal wear with a simple pattern to create interest.');
INSERT INTO public.clothing_type (type_id, name, category, price, description) VALUES (659004047, 'Acid Washed', 'Jeans', 98.00, 'Far out, man (We removed the acid, your legs are safe)');
INSERT INTO public.clothing_type (type_id, name, category, price, description) VALUES (756741519, 'Graphic', 'T - Shirt', 98.95, 'Custom made art graphics that cycle once per month. ');
INSERT INTO public.clothing_type (type_id, name, category, price, description) VALUES (765158210, 'Floral', 'Dress', 44.00, 'Nothing says "floral" like 20 shades of gray.');
INSERT INTO public.clothing_type (type_id, name, category, price, description) VALUES (887162937, 'Eggshell', 'Shirt', 61.00, 'An easy pattern that creates interest up close, but washes out from a distance.');
INSERT INTO public.clothing_type (type_id, name, category, price, description) VALUES (842239534, 'Textured', 'Sweatpants', 24.95, 'Perfect for winter. A sturdier cotton blend provides more insulation.');
INSERT INTO public.clothing_type (type_id, name, category, price, description) VALUES (130416315, 'Dotted', 'Shirt', 73.95, 'Five piece polka marching band unfortunately NOT included.');
INSERT INTO public.clothing_type (type_id, name, category, price, description) VALUES (524635841, 'Solid', 'Skirt', 40.95, 'Our basic skirt in 20 shades of gray.');
INSERT INTO public.clothing_type (type_id, name, category, price, description) VALUES (565956011, 'Striped', 'Dress', 59.00, 'A minimal, classic pattern on a modern cut dress.');
INSERT INTO public.clothing_type (type_id, name, category, price, description) VALUES (293534086, 'Striped', 'T - Shirt', 85.99, 'Take me out to the balllll, gaaaame.');

INSERT INTO public.clothing_item (item_id, type_id, color, size, quantity, gender) VALUES (157162639, 285499569, '101010', 'm', 48, null);
INSERT INTO public.clothing_item (item_id, type_id, color, size, quantity, gender) VALUES (227983723, 285499569, '404040', 'xl', 16, null);
INSERT INTO public.clothing_item (item_id, type_id, color, size, quantity, gender) VALUES (308272705, 285499569, 'A0A0A0', 's', 42, null);
INSERT INTO public.clothing_item (item_id, type_id, color, size, quantity, gender) VALUES (428469077, 285499569, 'DCDCDC', 'l', 33, false);
INSERT INTO public.clothing_item (item_id, type_id, color, size, quantity, gender) VALUES (475667343, 285499569, '707070', 'xs', 47, false);
INSERT INTO public.clothing_item (item_id, type_id, color, size, quantity, gender) VALUES (419774328, 285499569, '808080', 's', 3, true);
INSERT INTO public.clothing_item (item_id, type_id, color, size, quantity, gender) VALUES (395556840, 285499569, '202020', 'm', 11, null);
INSERT INTO public.clothing_item (item_id, type_id, color, size, quantity, gender) VALUES (105096825, 285499569, 'F5F5F5', 'xl', 25, null);
INSERT INTO public.clothing_item (item_id, type_id, color, size, quantity, gender) VALUES (397961372, 720211709, 'D3D3D3', 'm', 35, null);
INSERT INTO public.clothing_item (item_id, type_id, color, size, quantity, gender) VALUES (489168872, 720211709, '000000', 'm', 50, null);
INSERT INTO public.clothing_item (item_id, type_id, color, size, quantity, gender) VALUES (172537499, 720211709, '101010', 'l', 5, null);
INSERT INTO public.clothing_item (item_id, type_id, color, size, quantity, gender) VALUES (200769938, 720211709, '303030', 'xs', 5, true);
INSERT INTO public.clothing_item (item_id, type_id, color, size, quantity, gender) VALUES (498873841, 720211709, 'A0A0A0', 'm', 16, null);
INSERT INTO public.clothing_item (item_id, type_id, color, size, quantity, gender) VALUES (197838189, 720211709, '202020', 's', 39, false);
INSERT INTO public.clothing_item (item_id, type_id, color, size, quantity, gender) VALUES (278130913, 395557109, '404040', 's', 50, false);
INSERT INTO public.clothing_item (item_id, type_id, color, size, quantity, gender) VALUES (377401028, 395557109, '707070', 'xl', 27, true);
INSERT INTO public.clothing_item (item_id, type_id, color, size, quantity, gender) VALUES (257059328, 395557109, '202020', 's', 26, null);
INSERT INTO public.clothing_item (item_id, type_id, color, size, quantity, gender) VALUES (759748311, 395557109, 'FFFFFF', 's', 15, null);
INSERT INTO public.clothing_item (item_id, type_id, color, size, quantity, gender) VALUES (656178382, 395557109, 'F5F5F5', 'l', 32, null);
INSERT INTO public.clothing_item (item_id, type_id, color, size, quantity, gender) VALUES (285594393, 395557109, 'D3D3D3', 'l', 6, false);
INSERT INTO public.clothing_item (item_id, type_id, color, size, quantity, gender) VALUES (611555792, 395557109, '808080', 'xl', 3, null);
INSERT INTO public.clothing_item (item_id, type_id, color, size, quantity, gender) VALUES (955633659, 660115502, '202020', 's', 6, false);
INSERT INTO public.clothing_item (item_id, type_id, color, size, quantity, gender) VALUES (425714804, 660115502, '707070', 's', 12, false);
INSERT INTO public.clothing_item (item_id, type_id, color, size, quantity, gender) VALUES (621306085, 660115502, '808080', 's', 27, true);
INSERT INTO public.clothing_item (item_id, type_id, color, size, quantity, gender) VALUES (923522890, 660115502, '606060', 'l', 31, true);
INSERT INTO public.clothing_item (item_id, type_id, color, size, quantity, gender) VALUES (856809905, 660115502, 'D3D3D3', 'xl', 12, null);
INSERT INTO public.clothing_item (item_id, type_id, color, size, quantity, gender) VALUES (237186765, 660115502, '101010', 'xs', 44, true);
INSERT INTO public.clothing_item (item_id, type_id, color, size, quantity, gender) VALUES (666991694, 660115502, 'B0B0B0', 'xl', 45, true);
INSERT INTO public.clothing_item (item_id, type_id, color, size, quantity, gender) VALUES (882183569, 660115502, '000000', 'l', 42, null);
INSERT INTO public.clothing_item (item_id, type_id, color, size, quantity, gender) VALUES (520528095, 709054560, '303030', 'l', 46, null);
INSERT INTO public.clothing_item (item_id, type_id, color, size, quantity, gender) VALUES (911484894, 709054560, '808080', 'xs', 28, null);
INSERT INTO public.clothing_item (item_id, type_id, color, size, quantity, gender) VALUES (273158956, 709054560, 'D3D3D3', 's', 50, true);
INSERT INTO public.clothing_item (item_id, type_id, color, size, quantity, gender) VALUES (894384124, 709054560, '101010', 'xl', 22, false);
INSERT INTO public.clothing_item (item_id, type_id, color, size, quantity, gender) VALUES (340145590, 709054560, '909090', 'xs', 18, false);
INSERT INTO public.clothing_item (item_id, type_id, color, size, quantity, gender) VALUES (469469879, 709054560, 'DCDCDC', 'xl', 41, false);
INSERT INTO public.clothing_item (item_id, type_id, color, size, quantity, gender) VALUES (866903534, 709054560, '505050', 'xs', 7, false);
INSERT INTO public.clothing_item (item_id, type_id, color, size, quantity, gender) VALUES (963998576, 709054560, '000000', 'xs', 32, false);
INSERT INTO public.clothing_item (item_id, type_id, color, size, quantity, gender) VALUES (741717425, 674932943, 'FFFFFF', 'xl', 4, null);
INSERT INTO public.clothing_item (item_id, type_id, color, size, quantity, gender) VALUES (104732181, 674932943, '202020', 'xl', 15, null);
INSERT INTO public.clothing_item (item_id, type_id, color, size, quantity, gender) VALUES (990129055, 674932943, 'B0B0B0', 'xs', 33, true);
INSERT INTO public.clothing_item (item_id, type_id, color, size, quantity, gender) VALUES (352504239, 674932943, '909090', 'l', 24, null);
INSERT INTO public.clothing_item (item_id, type_id, color, size, quantity, gender) VALUES (226842274, 674932943, '808080', 's', 28, true);
INSERT INTO public.clothing_item (item_id, type_id, color, size, quantity, gender) VALUES (412615539, 674932943, '505050', 'l', 17, null);
INSERT INTO public.clothing_item (item_id, type_id, color, size, quantity, gender) VALUES (648224293, 674932943, '606060', 'l', 27, null);
INSERT INTO public.clothing_item (item_id, type_id, color, size, quantity, gender) VALUES (680244946, 674932943, 'F5F5F5', 's', 15, true);
INSERT INTO public.clothing_item (item_id, type_id, color, size, quantity, gender) VALUES (187787746, 674932943, 'D3D3D3', 'xl', 23, null);
INSERT INTO public.clothing_item (item_id, type_id, color, size, quantity, gender) VALUES (965313081, 240698130, '909090', '8', 24, false);
INSERT INTO public.clothing_item (item_id, type_id, color, size, quantity, gender) VALUES (514977669, 240698130, '808080', '2', 11, false);
INSERT INTO public.clothing_item (item_id, type_id, color, size, quantity, gender) VALUES (408764041, 240698130, '505050', '12', 50, false);
INSERT INTO public.clothing_item (item_id, type_id, color, size, quantity, gender) VALUES (227116032, 240698130, 'A0A0A0', '6', 5, false);
INSERT INTO public.clothing_item (item_id, type_id, color, size, quantity, gender) VALUES (444509158, 240698130, '101010', '6', 12, false);
INSERT INTO public.clothing_item (item_id, type_id, color, size, quantity, gender) VALUES (344974212, 240698130, '404040', '8', 18, false);
INSERT INTO public.clothing_item (item_id, type_id, color, size, quantity, gender) VALUES (789920365, 240698130, 'FFFFFF', '8', 16, false);
INSERT INTO public.clothing_item (item_id, type_id, color, size, quantity, gender) VALUES (209779897, 250879861, 'F5F5F5', 'xs', 23, false);
INSERT INTO public.clothing_item (item_id, type_id, color, size, quantity, gender) VALUES (578398693, 250879861, '505050', 's', 36, true);
INSERT INTO public.clothing_item (item_id, type_id, color, size, quantity, gender) VALUES (207882780, 250879861, '707070', 's', 4, true);
INSERT INTO public.clothing_item (item_id, type_id, color, size, quantity, gender) VALUES (132760216, 250879861, 'FFFFFF', 'xs', 31, true);
INSERT INTO public.clothing_item (item_id, type_id, color, size, quantity, gender) VALUES (426490988, 250879861, '808080', 's', 38, null);
INSERT INTO public.clothing_item (item_id, type_id, color, size, quantity, gender) VALUES (383595010, 250879861, '303030', 'xl', 12, null);
INSERT INTO public.clothing_item (item_id, type_id, color, size, quantity, gender) VALUES (123901496, 250879861, '404040', 'm', 18, false);
INSERT INTO public.clothing_item (item_id, type_id, color, size, quantity, gender) VALUES (122798119, 250879861, '101010', 'xs', 49, true);
INSERT INTO public.clothing_item (item_id, type_id, color, size, quantity, gender) VALUES (513287384, 849825435, '303030', 'm', 33, false);
INSERT INTO public.clothing_item (item_id, type_id, color, size, quantity, gender) VALUES (144500573, 849825435, '606060', 'xs', 48, false);
INSERT INTO public.clothing_item (item_id, type_id, color, size, quantity, gender) VALUES (525939884, 849825435, '505050', 'm', 9, null);
INSERT INTO public.clothing_item (item_id, type_id, color, size, quantity, gender) VALUES (251688780, 849825435, 'D3D3D3', 's', 7, false);
INSERT INTO public.clothing_item (item_id, type_id, color, size, quantity, gender) VALUES (806196095, 849825435, '000000', 'xs', 23, null);
INSERT INTO public.clothing_item (item_id, type_id, color, size, quantity, gender) VALUES (922306327, 849825435, 'F5F5F5', 'xl', 26, null);
INSERT INTO public.clothing_item (item_id, type_id, color, size, quantity, gender) VALUES (589022206, 430627026, 'D3D3D3', 'l', 12, false);
INSERT INTO public.clothing_item (item_id, type_id, color, size, quantity, gender) VALUES (303595348, 430627026, '303030', 'xl', 23, false);
INSERT INTO public.clothing_item (item_id, type_id, color, size, quantity, gender) VALUES (282637946, 430627026, 'C0C0C0', 'xl', 22, true);
INSERT INTO public.clothing_item (item_id, type_id, color, size, quantity, gender) VALUES (744139029, 430627026, '707070', 'xs', 16, true);
INSERT INTO public.clothing_item (item_id, type_id, color, size, quantity, gender) VALUES (448933502, 430627026, 'A0A0A0', 'm', 10, null);
INSERT INTO public.clothing_item (item_id, type_id, color, size, quantity, gender) VALUES (773112126, 430627026, '101010', 's', 7, null);
INSERT INTO public.clothing_item (item_id, type_id, color, size, quantity, gender) VALUES (710404565, 430627026, 'F5F5F5', 'l', 48, null);
INSERT INTO public.clothing_item (item_id, type_id, color, size, quantity, gender) VALUES (215967891, 430627026, '606060', 'xs', 4, true);
INSERT INTO public.clothing_item (item_id, type_id, color, size, quantity, gender) VALUES (814323172, 720120373, '707070', 'l', 49, null);
INSERT INTO public.clothing_item (item_id, type_id, color, size, quantity, gender) VALUES (279048847, 720120373, '202020', 'xs', 34, null);
INSERT INTO public.clothing_item (item_id, type_id, color, size, quantity, gender) VALUES (927037806, 720120373, 'B0B0B0', 'xs', 40, false);
INSERT INTO public.clothing_item (item_id, type_id, color, size, quantity, gender) VALUES (857693453, 720120373, '606060', 'l', 30, true);
INSERT INTO public.clothing_item (item_id, type_id, color, size, quantity, gender) VALUES (586652318, 720120373, 'A0A0A0', 'xl', 23, true);
INSERT INTO public.clothing_item (item_id, type_id, color, size, quantity, gender) VALUES (804883399, 720120373, 'FFFFFF', 'l', 45, false);
INSERT INTO public.clothing_item (item_id, type_id, color, size, quantity, gender) VALUES (525500757, 720120373, 'C0C0C0', 'xs', 31, false);
INSERT INTO public.clothing_item (item_id, type_id, color, size, quantity, gender) VALUES (628269465, 836673326, 'A0A0A0', 's', 43, true);
INSERT INTO public.clothing_item (item_id, type_id, color, size, quantity, gender) VALUES (266081530, 836673326, '404040', 'l', 27, true);
INSERT INTO public.clothing_item (item_id, type_id, color, size, quantity, gender) VALUES (749350787, 836673326, '000000', 's', 8, true);
INSERT INTO public.clothing_item (item_id, type_id, color, size, quantity, gender) VALUES (316682698, 836673326, '303030', 'xs', 7, null);
INSERT INTO public.clothing_item (item_id, type_id, color, size, quantity, gender) VALUES (584236079, 836673326, '909090', 's', 36, true);
INSERT INTO public.clothing_item (item_id, type_id, color, size, quantity, gender) VALUES (317166232, 836673326, '606060', 's', 26, false);
INSERT INTO public.clothing_item (item_id, type_id, color, size, quantity, gender) VALUES (472565616, 836673326, '505050', 'l', 27, null);
INSERT INTO public.clothing_item (item_id, type_id, color, size, quantity, gender) VALUES (120501328, 836673326, 'B0B0B0', 'm', 41, false);
INSERT INTO public.clothing_item (item_id, type_id, color, size, quantity, gender) VALUES (775339839, 468276714, 'C0C0C0', '14', 8, false);
INSERT INTO public.clothing_item (item_id, type_id, color, size, quantity, gender) VALUES (477632185, 468276714, 'FFFFFF', '12', 16, false);
INSERT INTO public.clothing_item (item_id, type_id, color, size, quantity, gender) VALUES (989252333, 468276714, '202020', '0', 14, false);
INSERT INTO public.clothing_item (item_id, type_id, color, size, quantity, gender) VALUES (653969645, 468276714, '404040', '2', 33, false);
INSERT INTO public.clothing_item (item_id, type_id, color, size, quantity, gender) VALUES (768790761, 468276714, '707070', '0', 20, false);
INSERT INTO public.clothing_item (item_id, type_id, color, size, quantity, gender) VALUES (665871636, 468276714, 'B0B0B0', '8', 44, false);
INSERT INTO public.clothing_item (item_id, type_id, color, size, quantity, gender) VALUES (998090545, 468276714, '606060', '10', 40, false);
INSERT INTO public.clothing_item (item_id, type_id, color, size, quantity, gender) VALUES (827294564, 468276714, '000000', '8', 45, false);
INSERT INTO public.clothing_item (item_id, type_id, color, size, quantity, gender) VALUES (973634549, 140226300, '101010', 'xl', 26, null);
INSERT INTO public.clothing_item (item_id, type_id, color, size, quantity, gender) VALUES (602586981, 140226300, '000000', 'xs', 39, null);
INSERT INTO public.clothing_item (item_id, type_id, color, size, quantity, gender) VALUES (878178222, 140226300, '404040', 'xl', 31, null);
INSERT INTO public.clothing_item (item_id, type_id, color, size, quantity, gender) VALUES (223787697, 140226300, '303030', 'm', 25, true);
INSERT INTO public.clothing_item (item_id, type_id, color, size, quantity, gender) VALUES (628658146, 140226300, 'FFFFFF', 'xl', 38, true);
INSERT INTO public.clothing_item (item_id, type_id, color, size, quantity, gender) VALUES (668092668, 140226300, '606060', 'xs', 43, null);
INSERT INTO public.clothing_item (item_id, type_id, color, size, quantity, gender) VALUES (235053689, 140226300, '505050', 's', 13, true);
INSERT INTO public.clothing_item (item_id, type_id, color, size, quantity, gender) VALUES (789611275, 140226300, '707070', 'l', 23, null);
INSERT INTO public.clothing_item (item_id, type_id, color, size, quantity, gender) VALUES (626634608, 859609403, 'DCDCDC', 'xs', 14, true);
INSERT INTO public.clothing_item (item_id, type_id, color, size, quantity, gender) VALUES (699786808, 859609403, 'C0C0C0', 's', 3, true);
INSERT INTO public.clothing_item (item_id, type_id, color, size, quantity, gender) VALUES (535557521, 859609403, '303030', 'xl', 21, true);
INSERT INTO public.clothing_item (item_id, type_id, color, size, quantity, gender) VALUES (718942972, 859609403, '808080', 'l', 10, true);
INSERT INTO public.clothing_item (item_id, type_id, color, size, quantity, gender) VALUES (403977321, 859609403, '000000', 's', 10, true);
INSERT INTO public.clothing_item (item_id, type_id, color, size, quantity, gender) VALUES (502888880, 859609403, 'F5F5F5', 'xs', 33, false);
INSERT INTO public.clothing_item (item_id, type_id, color, size, quantity, gender) VALUES (839623509, 859609403, 'FFFFFF', 'm', 50, null);
INSERT INTO public.clothing_item (item_id, type_id, color, size, quantity, gender) VALUES (585367446, 859609403, 'A0A0A0', 's', 47, true);
INSERT INTO public.clothing_item (item_id, type_id, color, size, quantity, gender) VALUES (161656306, 859609403, 'B0B0B0', 'm', 26, false);
INSERT INTO public.clothing_item (item_id, type_id, color, size, quantity, gender) VALUES (345083245, 859609403, '606060', 's', 43, true);
INSERT INTO public.clothing_item (item_id, type_id, color, size, quantity, gender) VALUES (248488429, 457136344, '707070', 'xs', 36, false);
INSERT INTO public.clothing_item (item_id, type_id, color, size, quantity, gender) VALUES (944477624, 457136344, 'DCDCDC', 'm', 50, null);
INSERT INTO public.clothing_item (item_id, type_id, color, size, quantity, gender) VALUES (949978304, 457136344, 'FFFFFF', 'xs', 43, false);
INSERT INTO public.clothing_item (item_id, type_id, color, size, quantity, gender) VALUES (867864849, 457136344, 'F5F5F5', 'm', 24, true);
INSERT INTO public.clothing_item (item_id, type_id, color, size, quantity, gender) VALUES (276586129, 457136344, '101010', 's', 25, false);
INSERT INTO public.clothing_item (item_id, type_id, color, size, quantity, gender) VALUES (691222494, 457136344, '202020', 's', 26, false);
INSERT INTO public.clothing_item (item_id, type_id, color, size, quantity, gender) VALUES (676496609, 457136344, '404040', 'xl', 20, null);
INSERT INTO public.clothing_item (item_id, type_id, color, size, quantity, gender) VALUES (946481895, 374581910, '606060', '12', 37, false);
INSERT INTO public.clothing_item (item_id, type_id, color, size, quantity, gender) VALUES (610126729, 374581910, 'F5F5F5', '4', 36, false);
INSERT INTO public.clothing_item (item_id, type_id, color, size, quantity, gender) VALUES (462275944, 374581910, 'A0A0A0', '8', 24, false);
INSERT INTO public.clothing_item (item_id, type_id, color, size, quantity, gender) VALUES (915190867, 374581910, 'DCDCDC', '10', 25, false);
INSERT INTO public.clothing_item (item_id, type_id, color, size, quantity, gender) VALUES (776367075, 374581910, '404040', '6', 17, false);
INSERT INTO public.clothing_item (item_id, type_id, color, size, quantity, gender) VALUES (523987947, 374581910, '202020', '2', 33, false);
INSERT INTO public.clothing_item (item_id, type_id, color, size, quantity, gender) VALUES (428856485, 374581910, '808080', '8', 34, false);
INSERT INTO public.clothing_item (item_id, type_id, color, size, quantity, gender) VALUES (219522897, 374581910, '101010', '0', 37, false);
INSERT INTO public.clothing_item (item_id, type_id, color, size, quantity, gender) VALUES (932979563, 998342202, '505050', 'm', 43, true);
INSERT INTO public.clothing_item (item_id, type_id, color, size, quantity, gender) VALUES (235615391, 998342202, '707070', 'm', 50, true);
INSERT INTO public.clothing_item (item_id, type_id, color, size, quantity, gender) VALUES (985389900, 998342202, '404040', 'm', 39, false);
INSERT INTO public.clothing_item (item_id, type_id, color, size, quantity, gender) VALUES (534301619, 998342202, '000000', 'xl', 37, true);
INSERT INTO public.clothing_item (item_id, type_id, color, size, quantity, gender) VALUES (579181229, 998342202, '606060', 'm', 35, null);
INSERT INTO public.clothing_item (item_id, type_id, color, size, quantity, gender) VALUES (736585779, 998342202, 'D3D3D3', 'xl', 7, null);
INSERT INTO public.clothing_item (item_id, type_id, color, size, quantity, gender) VALUES (278187893, 998342202, '303030', 'l', 31, null);
INSERT INTO public.clothing_item (item_id, type_id, color, size, quantity, gender) VALUES (470613853, 998342202, 'C0C0C0', 'm', 47, false);
INSERT INTO public.clothing_item (item_id, type_id, color, size, quantity, gender) VALUES (469796440, 998342202, 'A0A0A0', 'm', 28, null);
INSERT INTO public.clothing_item (item_id, type_id, color, size, quantity, gender) VALUES (499759944, 659004047, 'F5F5F5', 'xs', 15, null);
INSERT INTO public.clothing_item (item_id, type_id, color, size, quantity, gender) VALUES (255888877, 659004047, '909090', 'l', 33, false);
INSERT INTO public.clothing_item (item_id, type_id, color, size, quantity, gender) VALUES (532405322, 659004047, '303030', 'l', 25, false);
INSERT INTO public.clothing_item (item_id, type_id, color, size, quantity, gender) VALUES (144564470, 659004047, 'B0B0B0', 'l', 41, true);
INSERT INTO public.clothing_item (item_id, type_id, color, size, quantity, gender) VALUES (239023583, 659004047, '808080', 's', 45, false);
INSERT INTO public.clothing_item (item_id, type_id, color, size, quantity, gender) VALUES (575540869, 659004047, '707070', 'l', 11, true);
INSERT INTO public.clothing_item (item_id, type_id, color, size, quantity, gender) VALUES (732934517, 659004047, 'FFFFFF', 'xs', 25, null);
INSERT INTO public.clothing_item (item_id, type_id, color, size, quantity, gender) VALUES (986043684, 756741519, 'D3D3D3', 'xs', 48, null);
INSERT INTO public.clothing_item (item_id, type_id, color, size, quantity, gender) VALUES (468244242, 756741519, 'B0B0B0', 'xl', 13, true);
INSERT INTO public.clothing_item (item_id, type_id, color, size, quantity, gender) VALUES (391995266, 756741519, '404040', 'm', 16, false);
INSERT INTO public.clothing_item (item_id, type_id, color, size, quantity, gender) VALUES (675377318, 756741519, 'FFFFFF', 's', 48, null);
INSERT INTO public.clothing_item (item_id, type_id, color, size, quantity, gender) VALUES (203286364, 756741519, '808080', 'm', 11, null);
INSERT INTO public.clothing_item (item_id, type_id, color, size, quantity, gender) VALUES (666770459, 756741519, '606060', 'xs', 9, null);
INSERT INTO public.clothing_item (item_id, type_id, color, size, quantity, gender) VALUES (106612299, 765158210, 'D3D3D3', '12', 38, false);
INSERT INTO public.clothing_item (item_id, type_id, color, size, quantity, gender) VALUES (136814280, 765158210, 'B0B0B0', '8', 28, false);
INSERT INTO public.clothing_item (item_id, type_id, color, size, quantity, gender) VALUES (780859603, 765158210, '606060', '14', 31, false);
INSERT INTO public.clothing_item (item_id, type_id, color, size, quantity, gender) VALUES (376678331, 765158210, '707070', '2', 19, false);
INSERT INTO public.clothing_item (item_id, type_id, color, size, quantity, gender) VALUES (215909072, 765158210, 'C0C0C0', '8', 17, false);
INSERT INTO public.clothing_item (item_id, type_id, color, size, quantity, gender) VALUES (521168086, 765158210, '101010', '14', 31, false);
INSERT INTO public.clothing_item (item_id, type_id, color, size, quantity, gender) VALUES (327920787, 765158210, '000000', '8', 22, false);
INSERT INTO public.clothing_item (item_id, type_id, color, size, quantity, gender) VALUES (518762376, 765158210, '505050', '10', 19, false);
INSERT INTO public.clothing_item (item_id, type_id, color, size, quantity, gender) VALUES (848638183, 765158210, '404040', '2', 37, false);
INSERT INTO public.clothing_item (item_id, type_id, color, size, quantity, gender) VALUES (898189139, 887162937, 'A0A0A0', 'l', 50, true);
INSERT INTO public.clothing_item (item_id, type_id, color, size, quantity, gender) VALUES (402749930, 887162937, '000000', 's', 36, null);
INSERT INTO public.clothing_item (item_id, type_id, color, size, quantity, gender) VALUES (943912652, 887162937, '101010', 'xl', 8, null);
INSERT INTO public.clothing_item (item_id, type_id, color, size, quantity, gender) VALUES (526464409, 887162937, '303030', 'm', 20, null);
INSERT INTO public.clothing_item (item_id, type_id, color, size, quantity, gender) VALUES (504400365, 887162937, '808080', 'xs', 14, false);
INSERT INTO public.clothing_item (item_id, type_id, color, size, quantity, gender) VALUES (352737576, 887162937, '505050', 's', 37, true);
INSERT INTO public.clothing_item (item_id, type_id, color, size, quantity, gender) VALUES (105061361, 887162937, '404040', 'm', 26, false);
INSERT INTO public.clothing_item (item_id, type_id, color, size, quantity, gender) VALUES (870641011, 887162937, '909090', 's', 34, null);
INSERT INTO public.clothing_item (item_id, type_id, color, size, quantity, gender) VALUES (260205534, 887162937, 'FFFFFF', 'xl', 16, false);
INSERT INTO public.clothing_item (item_id, type_id, color, size, quantity, gender) VALUES (950659258, 842239534, '000000', 'l', 23, false);
INSERT INTO public.clothing_item (item_id, type_id, color, size, quantity, gender) VALUES (956544109, 842239534, '404040', 'xs', 13, null);
INSERT INTO public.clothing_item (item_id, type_id, color, size, quantity, gender) VALUES (213610659, 842239534, 'DCDCDC', 'xs', 44, false);
INSERT INTO public.clothing_item (item_id, type_id, color, size, quantity, gender) VALUES (628280733, 842239534, '505050', 'm', 48, false);
INSERT INTO public.clothing_item (item_id, type_id, color, size, quantity, gender) VALUES (235643437, 842239534, '707070', 'xs', 34, true);
INSERT INTO public.clothing_item (item_id, type_id, color, size, quantity, gender) VALUES (750347915, 842239534, 'B0B0B0', 'xs', 15, false);
INSERT INTO public.clothing_item (item_id, type_id, color, size, quantity, gender) VALUES (335533295, 842239534, 'A0A0A0', 'l', 38, true);
INSERT INTO public.clothing_item (item_id, type_id, color, size, quantity, gender) VALUES (674239245, 842239534, '606060', 'm', 14, true);
INSERT INTO public.clothing_item (item_id, type_id, color, size, quantity, gender) VALUES (143798692, 130416315, 'F5F5F5', 'xs', 29, false);
INSERT INTO public.clothing_item (item_id, type_id, color, size, quantity, gender) VALUES (398439233, 130416315, 'FFFFFF', 'xs', 31, true);
INSERT INTO public.clothing_item (item_id, type_id, color, size, quantity, gender) VALUES (863330146, 130416315, 'D3D3D3', 'm', 17, null);
INSERT INTO public.clothing_item (item_id, type_id, color, size, quantity, gender) VALUES (881985428, 130416315, '303030', 'l', 12, true);
INSERT INTO public.clothing_item (item_id, type_id, color, size, quantity, gender) VALUES (927125119, 130416315, '606060', 'l', 20, null);
INSERT INTO public.clothing_item (item_id, type_id, color, size, quantity, gender) VALUES (582113601, 130416315, '202020', 'l', 40, null);
INSERT INTO public.clothing_item (item_id, type_id, color, size, quantity, gender) VALUES (654532223, 130416315, '808080', 'l', 22, false);
INSERT INTO public.clothing_item (item_id, type_id, color, size, quantity, gender) VALUES (914037323, 130416315, 'A0A0A0', 'xl', 42, false);
INSERT INTO public.clothing_item (item_id, type_id, color, size, quantity, gender) VALUES (535201684, 524635841, 'DCDCDC', '4', 39, false);
INSERT INTO public.clothing_item (item_id, type_id, color, size, quantity, gender) VALUES (702167401, 524635841, '404040', '14', 23, false);
INSERT INTO public.clothing_item (item_id, type_id, color, size, quantity, gender) VALUES (502515536, 524635841, 'F5F5F5', '10', 7, false);
INSERT INTO public.clothing_item (item_id, type_id, color, size, quantity, gender) VALUES (830008107, 524635841, '909090', '0', 27, false);
INSERT INTO public.clothing_item (item_id, type_id, color, size, quantity, gender) VALUES (580420144, 524635841, '101010', '6', 11, false);
INSERT INTO public.clothing_item (item_id, type_id, color, size, quantity, gender) VALUES (627769945, 524635841, '000000', '0', 10, false);
INSERT INTO public.clothing_item (item_id, type_id, color, size, quantity, gender) VALUES (544230233, 524635841, 'C0C0C0', '12', 21, false);
INSERT INTO public.clothing_item (item_id, type_id, color, size, quantity, gender) VALUES (410932300, 524635841, '303030', '14', 19, false);
INSERT INTO public.clothing_item (item_id, type_id, color, size, quantity, gender) VALUES (961939175, 524635841, 'B0B0B0', '4', 22, false);
INSERT INTO public.clothing_item (item_id, type_id, color, size, quantity, gender) VALUES (542707853, 565956011, '707070', '8', 20, false);
INSERT INTO public.clothing_item (item_id, type_id, color, size, quantity, gender) VALUES (437777077, 565956011, '505050', '10', 24, false);
INSERT INTO public.clothing_item (item_id, type_id, color, size, quantity, gender) VALUES (464771940, 565956011, '202020', '14', 7, false);
INSERT INTO public.clothing_item (item_id, type_id, color, size, quantity, gender) VALUES (192474873, 565956011, 'A0A0A0', '8', 14, false);
INSERT INTO public.clothing_item (item_id, type_id, color, size, quantity, gender) VALUES (995235119, 565956011, '404040', '10', 42, false);
INSERT INTO public.clothing_item (item_id, type_id, color, size, quantity, gender) VALUES (164461912, 565956011, '808080', '14', 30, false);
INSERT INTO public.clothing_item (item_id, type_id, color, size, quantity, gender) VALUES (205788636, 565956011, '303030', '12', 45, false);
INSERT INTO public.clothing_item (item_id, type_id, color, size, quantity, gender) VALUES (295744850, 565956011, '606060', '0', 11, false);
INSERT INTO public.clothing_item (item_id, type_id, color, size, quantity, gender) VALUES (642450012, 565956011, '000000', '4', 17, false);
INSERT INTO public.clothing_item (item_id, type_id, color, size, quantity, gender) VALUES (765991858, 293534086, '505050', 's', 26, true);
INSERT INTO public.clothing_item (item_id, type_id, color, size, quantity, gender) VALUES (331023725, 293534086, '404040', 'l', 43, false);
INSERT INTO public.clothing_item (item_id, type_id, color, size, quantity, gender) VALUES (120025381, 293534086, '000000', 'm', 29, true);
INSERT INTO public.clothing_item (item_id, type_id, color, size, quantity, gender) VALUES (228938221, 293534086, '909090', 'xs', 16, false);
INSERT INTO public.clothing_item (item_id, type_id, color, size, quantity, gender) VALUES (430445945, 293534086, 'B0B0B0', 'l', 26, true);
INSERT INTO public.clothing_item (item_id, type_id, color, size, quantity, gender) VALUES (946179995, 293534086, 'C0C0C0', 's', 49, null);
INSERT INTO public.clothing_item (item_id, type_id, color, size, quantity, gender) VALUES (184749066, 293534086, 'D3D3D3', 'xl', 29, true);
INSERT INTO public.clothing_item (item_id, type_id, color, size, quantity, gender) VALUES (799800239, 293534086, '808080', 'l', 12, false);